"name","bpm","genre","start time","end time","playtime","deck"
"10/25/25","","","10/25/25, 9:04:33 PM CDT","12/7/25, 9:57:05 PM CST","1033:52:32",""
"Let's Get It Started (Intro Clean)","105","Pop","9:04:33 PM CDT","9:10:33 PM CDT","00:06:00","1"
"Take On Me (Intro Clean)","84","Pop","9:10:33 PM CDT","9:25:42 PM CDT","00:15:09","1"
"Royals (Intro Clean)","85","Pop","9:23:52 PM CDT","9:28:26 PM CDT","00:04:34","2"
"Bed Chem (Intro Clean)","95","Pop","9:25:42 PM CDT","9:30:45 PM CDT","00:05:03","1"
"Peaches (Intro Clean)","90","Pop","9:28:26 PM CDT","9:32:38 PM CDT","00:04:12","2"
"Tom's Diner","96","Rock","9:30:45 PM CDT","9:35:28 PM CDT","00:04:43","1"
"About Damn Time (Intro Clean)","109","Pop","9:32:38 PM CDT","9:36:43 PM CDT","00:04:05","2"
"24K Magic (Intro Clean)","107","Pop","9:35:28 PM CDT","9:39:40 PM CDT","00:04:12","1"
"Save A Horse (Ride A Cowboy) (Intro Clean)","102","Country","9:37:34 PM CDT","9:41:56 PM CDT","00:04:22","2"
"House Party (Intro Clean)","104","Country","9:40:32 PM CDT","9:44:03 PM CDT","00:03:31","1"
"Whistle (Intro Clean)","104","Pop","9:41:56 PM CDT","9:46:35 PM CDT","00:04:39","2"
"Bartender (Version Five Funk Remix) Intro - Clean","105","Funk","9:44:03 PM CDT","9:48:37 PM CDT","00:04:34","1"
"Let Me Love You (Intro Clean)","100","Top 40","9:46:35 PM CDT","9:51:29 PM CDT","00:04:54","2"
"Country Girl (Shake It For Me) (Intro Clean)","106","Country","9:48:37 PM CDT","9:54:00 PM CDT","00:05:23","1"
"American Boy (Intro Clean)","118","Top 40","9:53:05 PM CDT","9:57:33 PM CDT","00:04:28","2"
"Cake By The Ocean (Intro Clean)","119","Top 40","9:54:57 PM CDT","9:58:55 PM CDT","00:03:58","1"
"Just Dance (Intro Clean)","120","Pop","9:57:33 PM CDT","10:00:27 PM CDT","00:02:54","2"
"Blurred Lines (Intro Outro) (Clean)","120","Mainstream","9:59:32 PM CDT","10:02:26 PM CDT","00:02:54","1"
"Caroline (Intro Clean)","120","Hip Hop","10:00:27 PM CDT","10:04:43 PM CDT","00:04:16","2"
"Don't Cha (Remix) (Intro Clean)","120","R&B","10:02:39 PM CDT","10:07:25 PM CDT","00:04:46","1"
"Don't Stop The Music (Deville Club Quick HItter) Clean - Beat Out","123","Pop/Dance","10:05:25 PM CDT","10:09:04 PM CDT","00:03:39","2"
"My Humps (Refresh Epic Intro) (Clean Extended)","124","Hip Hop","10:07:25 PM CDT","10:10:28 PM CDT","00:03:03","1"
"Taste (Cosmic Dawn Extended Remix)","121","Dance","10:09:32 PM CDT","10:13:37 PM CDT","00:04:05","2"
"Poison (Sergio Villanueva Remix) (Dirty Extended)","122","House","10:10:28 PM CDT","10:15:25 PM CDT","00:04:57","1"
"Get Busy (Cesar Castilla Disco House Edit) (Clean)","122","Nu Disco","10:13:37 PM CDT","10:19:07 PM CDT","00:05:30","2"
"Temperature (Intro Clean)","125","Dancehall","10:15:25 PM CDT","10:17:50 PM CDT","00:02:25","1"
"Teenage Dream (Deville Club Mix) Clean","125","Pop/Dance","10:17:50 PM CDT","10:21:17 PM CDT","00:03:27","1"
"Right Round (Intro Dirty)","125","Pop","10:19:07 PM CDT","10:23:25 PM CDT","00:04:18","2"
"Work (Jesus Fernandez Remix) (Clean Extended)","124","Tech House","10:22:12 PM CDT","10:24:42 PM CDT","00:02:30","1"
"Sugar (Intro Dirty)","120","Pop","10:23:25 PM CDT","10:27:23 PM CDT","00:03:58","2"
"Down (Intro Dirty)","116","Pop","10:24:42 PM CDT","10:29:11 PM CDT","00:04:29","1"
"TiK ToK","120","Pop","10:27:23 PM CDT","10:30:38 PM CDT","00:03:15","2"
"Pretty Boy Swag (Intro Dirty)","124","Hip Hop","10:29:11 PM CDT","10:32:20 PM CDT","00:03:09","1"
"1, 2 Step","125","Bass House","10:30:38 PM CDT","10:33:13 PM CDT","00:02:35","2"
"Like A G6 (Intro Clean)","125","Pop","10:32:20 PM CDT","10:36:02 PM CDT","00:03:42","1"
"Krazy (Intro Dirty)","125","Hip Hop","10:33:13 PM CDT","10:37:07 PM CDT","00:03:54","2"
"Scream & Shout (Intro Dirty)","130","Pop","10:36:02 PM CDT","10:40:30 PM CDT","00:04:28","1"
"Starships (Deville Jamming House Edit) Clean","126","Pop/Dance","10:38:04 PM CDT","10:42:32 PM CDT","00:04:28","2"
"Sexy And I Know It (Muzik Junkies House Jump Off Edit) (Clean)","126","House","10:40:30 PM CDT","10:43:17 PM CDT","00:02:47","1"
"NOKIA (Club Killers Party Booster) Dirty","128","Hip-Hop/Dance","10:42:32 PM CDT","10:45:10 PM CDT","00:02:38","2"
"Lose Control (Cesar Castilla Break Intro) (Dirty Extended)","125","Hip Hop","10:43:41 PM CDT","10:46:27 PM CDT","00:02:46","1"
"Crazy - Beatz Freq Get Down Edit","125","Bass House","10:45:10 PM CDT","10:48:02 PM CDT","00:02:52","2"
"Massive (KREAM Remix) (Clean Extended)","125","House","10:46:27 PM CDT","10:49:28 PM CDT","00:03:01","1"
"Thong Song (Deville Poolside Mix) Dirty","125","Pop/House","10:48:02 PM CDT","10:51:02 PM CDT","00:03:00","2"
"Let Me Blow Ya Mind (DJ Nasa PoolSide Remix) (Dirty Extended)","126","House","10:49:28 PM CDT","10:51:54 PM CDT","00:02:26","1"
"Baby Got Back (Intro Dirty)","128","Hip Hop","10:51:02 PM CDT","10:53:00 PM CDT","00:01:58","2"
"Anaconda (Intro Dirty)","130","Hip Hop","10:51:54 PM CDT","10:54:52 PM CDT","00:02:58","1"
"Super Freaky Girl (Intro Dirty)","133","Hip Hop","10:53:00 PM CDT","10:56:13 PM CDT","00:03:13","2"
"Fergalicious (Intro Dirty)","129","Pop","10:55:07 PM CDT","10:59:34 PM CDT","00:04:27","1"
"Low (Intro Dirty)","128","Hip Hop","10:56:13 PM CDT","11:01:40 PM CDT","00:05:27","2"
"Crank That (Soulja Boy)","70","","10:59:34 PM CDT","11:03:18 PM CDT","00:03:44","1"
"Lollipop (Intro Dirty)","74","Hip Hop","11:02:31 PM CDT","11:04:56 PM CDT","00:02:25","2"
"Beez In The Trap (Intro Dirty)","75","Hip Hop","11:03:18 PM CDT","11:06:16 PM CDT","00:02:58","1"
"Kiss Me Thru The Phone (Intro Clean)","75","Hip Hop","11:04:56 PM CDT","11:07:31 PM CDT","00:02:35","2"
"Cyclone (Intro Dirty)","78","Hip Hop","11:06:23 PM CDT","11:08:06 PM CDT","00:01:43","1"
"Shawty (Intro Dirty)","79","Hip Hop","11:07:31 PM CDT","11:08:44 PM CDT","00:01:13","2"
"Walk It Out (Intro Dirty)","80","Hip Hop","11:08:06 PM CDT","11:10:06 PM CDT","00:02:00","1"
"Cake (Intro Dirty)","80","Hip Hop","11:08:44 PM CDT","11:11:05 PM CDT","00:02:21","2"
"Dance (Ass) (Remix) (Intro Dirty)","80","Hip Hop","11:10:06 PM CDT","11:13:44 PM CDT","00:03:38","1"
"Drop It Low It's Hot (DIRTY-DJ Fabian Blend)","92","Blend/mashup","11:12:21 PM CDT","11:14:17 PM CDT","00:01:56","2"
"Best Friend (Intro Dirty)","94","Hip Hop","11:13:44 PM CDT","11:15:15 PM CDT","00:01:31","1"
"Blow The Whistle (Intro Outro) (Clean)","100","Hip Hop","11:14:17 PM CDT","11:15:59 PM CDT","00:01:42","2"
"Work It (Refresh Epic Intro) (Dirty Extended)","102","Hip Hop","11:15:15 PM CDT","11:16:29 PM CDT","00:01:14","1"
"Pass That Dutch (Intro Dirty)","111","Hip Hop","11:15:59 PM CDT","11:17:29 PM CDT","00:01:30","2"
"Shake (Intro Dirty)","118","Latin Pop","11:16:29 PM CDT","11:19:14 PM CDT","00:02:45","1"
"DJ Got Us Fallin In Love (BPM Supreme Slam Edit) (Clean Extended)","120","Pop","11:17:29 PM CDT","11:20:49 PM CDT","00:03:20","2"
"Yeah 3x (Explicit)","130","","11:19:14 PM CDT","11:22:25 PM CDT","00:03:11","1"
"Trap Queen (DJ OD 'Reload' Edit) Dirty","126","Mainstage EDM","11:20:49 PM CDT","11:24:16 PM CDT","00:03:27","2"
"Work (Remix) (Smassh Mainstage Edit) Dirty","126","Hip Hop/Mainstage","11:22:25 PM CDT","11:25:32 PM CDT","00:03:07","1"
"Stephanie (Extended Mix) Dirty","130","House","11:24:16 PM CDT","11:27:06 PM CDT","00:02:50","2"
"Shots (Intro Dirty)","128","Pop","11:26:20 PM CDT","11:27:57 PM CDT","00:01:37","1"
"In The Ayer (Deville 2025 'Rattle' VIP) Dirty","128","Bass House/Mainstage","11:27:06 PM CDT","11:29:21 PM CDT","00:02:15","2"
"Promiscuous (Smassh 2024 Edit) Clean","128","Pop/Electro","11:28:23 PM CDT","11:30:34 PM CDT","00:02:11","1"
"Mr. Brightside (Mister Gray Rock The Place Edit) (Clean Extended)","128","Electro House","11:29:21 PM CDT","11:32:46 PM CDT","00:03:25","2"
"S&M (Dj Mila & Degan Edit) Dirty","128","Bass House","11:30:34 PM CDT","11:34:00 PM CDT","00:03:26","1"
"I Love It (Intro Dirty)","126","Dance Pop","11:32:46 PM CDT","11:35:27 PM CDT","00:02:41","2"
"Somebody's Watching Me (Club Killers 2023 Spooky Bootleg) Clean","126","Halloween/EDM","11:34:00 PM CDT","11:37:28 PM CDT","00:03:28","1"
"Pursuit Of Happiness (Steve Aoki Remix) (Dirty Extended)","128","Electro House","11:35:27 PM CDT","11:38:37 PM CDT","00:03:10","2"
"Hotel Room Service","126","","11:37:28 PM CDT","11:40:56 PM CDT","00:03:28","1"
"Fuego (Explicit)","135","","11:38:37 PM CDT","11:42:59 PM CDT","00:04:22","2"
"Somebody That I Used To Know (Tiger Toast Remix) Clean","130","House","11:42:03 PM CDT","11:47:13 PM CDT","00:05:10","1"
"Anxiety (DJ Nasa Remix) (Dirty Extended)","129","Pop","11:42:59 PM CDT","11:45:35 PM CDT","00:02:36","2"
"OMG (Intro Clean)","130","Dance Pop","11:45:35 PM CDT","11:50:04 PM CDT","00:04:29","2"
"No Hands (Intro Dirty)","132","Hip Hop","11:47:13 PM CDT","11:48:42 PM CDT","00:01:29","1"
"Memories (Refresh Personal Edit) (Dirty Extended)","130","Dance Pop","11:48:42 PM CDT","11:51:35 PM CDT","00:02:53","1"
"No Hands (Intro Dirty)","132","Hip Hop","11:50:04 PM CDT","11:55:45 PM CDT","00:05:41","2"
"Get It Shawty (Intro Clean)","128","R&B","11:52:17 PM CDT","11:57:20 PM CDT","00:05:03","1"
"Bottoms Up (Intro Dirty)","74","Top 40","11:55:45 PM CDT","11:59:59 PM CDT","00:04:14","2"
"BedRock (Intro Dirty)","74","Hip Hop","11:58:38 PM CDT","12:00:44 AM CDT","00:02:06","1"
"Whatever You Like (Intro Dirty)","75","Hip Hop","12:00:12 AM CDT","12:01:28 AM CDT","00:01:16","2"
"Rake It Up (Intro Dirty)","75","Hip Hop","12:00:44 AM CDT","12:02:29 AM CDT","00:01:45","1"
"WHISKEY WHISKEY (Intro Dirty)","76","Hip Hop","12:01:28 AM CDT","12:03:33 AM CDT","00:02:05","2"
"A Bar Song (Tipsy) (Refresh Slam Edit) (Dirty Extended)","81","Country","12:02:29 AM CDT","12:04:54 AM CDT","00:02:25","1"
"Yeah! (feat. Lil Jon & Ludacris)","105","Hip Hop","12:03:33 AM CDT","12:08:09 AM CDT","00:04:36","2"
"Get Low (feat. Ying Yang Twins)","101","Dirty South","12:04:54 AM CDT","12:09:44 AM CDT","00:04:50","1"
"Goodies","102","R&B","12:08:09 AM CDT","12:11:11 AM CDT","00:03:02","2"
"The Humpty Dance (Intro Clean)","104","Hip Hop","12:10:25 AM CDT","12:12:08 AM CDT","00:01:43","1"
"This Is How We Do It (Intro Clean)","104","Hip Hop","12:11:11 AM CDT","12:14:54 AM CDT","00:03:43","2"
"Espresso (Ardent 'Black Coffee' Intro) Dirty","104","Pop / Top 40","12:12:08 AM CDT","12:14:14 AM CDT","00:02:06","1"
"Freek-A-Leek","105","Hip-Hop/Rap","12:14:14 AM CDT","12:16:46 AM CDT","00:02:32","1"
"Give It To Me (Refresh Epic Intro) (Clean Extended)","111","Pop","12:15:19 AM CDT","12:17:39 AM CDT","00:02:20","2"
"One, Two Step (feat. Missy Elliott)","113","R&B/Soul","12:16:46 AM CDT","12:19:40 AM CDT","00:02:54","1"
"Hypnotized (Intro Dirty)","117","Hip Hop","12:17:39 AM CDT","12:20:43 AM CDT","00:03:04","2"
"Dynamite (JPTheDJ Acapella Break Edit) (Clean Extended)","120","Pop","12:19:40 AM CDT","12:24:05 AM CDT","00:04:25","1"
"Cha Cha Slide (Intro Clean)","122","Dance","12:20:43 AM CDT","12:25:45 AM CDT","00:05:02","2"
"Cupid Shuffle","144","","12:24:05 AM CDT","12:29:11 AM CDT","00:05:06","1"
"WAP (MR. COLLIPARK Remix) (Dirty Short Edit)","130","Twerk","12:28:20 AM CDT","12:31:10 AM CDT","00:02:50","2"
"Cry Baby (Intro Dirty)","130","Hip Hop","12:29:11 AM CDT","12:32:15 AM CDT","00:03:04","1"
"I'm Good (Blue) (Clean Extended)","128","Dance Pop","12:31:10 AM CDT","12:33:31 AM CDT","00:02:21","2"
"Like A G6 (R-You Bootleg) (Clean Extended)","132","House","12:32:15 AM CDT","12:34:40 AM CDT","00:02:25","1"
"Mezcal Bounce (Extended Mix) Clean","132","House","12:33:31 AM CDT","12:35:39 AM CDT","00:02:08","2"
"Glamorous (Intro Clean)","131","Pop","12:34:40 AM CDT","12:36:34 AM CDT","00:01:54","1"
"Sexy Bitch (Smassh Epic Synth Quick Hitter) Dirty","130","Dance","12:35:39 AM CDT","12:38:01 AM CDT","00:02:22","2"
"Boom Boom Pow (Intro Dirty)","130","Hip Hop","12:36:34 AM CDT","12:40:43 AM CDT","00:04:09","1"
"Baby (Intro Clean)","130","Pop","12:38:01 AM CDT","12:43:22 AM CDT","00:05:21","2"
"What's Next (Intro Dirty)","130","Hip Hop","12:42:38 AM CDT","12:44:49 AM CDT","00:02:11","1"
"Sticky (Cesar Castilla 'Calypso' Vip Edit) (Dirty)","128","Tech House","12:43:46 AM CDT","12:47:11 AM CDT","00:03:25","2"
"Cloonee - Sippin' Yak","127","","12:45:44 AM CDT","12:49:10 AM CDT","00:03:26","1"
"Moves Like Jagger (R-You Bootleg) (Clean Extended)","126","Tech House","12:47:11 AM CDT","12:50:42 AM CDT","00:03:31","2"
"Bitch Don't Kill My Vibe (Deville Poolside House Edit) Dirty","126","House","12:49:10 AM CDT","12:52:07 AM CDT","00:02:57","1"
"Pour It Up (DJ Nasa VIP Edit) (Clean Extended)","125","Tech House","12:50:42 AM CDT","12:53:47 AM CDT","00:03:05","2"
"Starships (Refresh Epic Intro) (Dirty Extended)","125","Pop","12:52:11 AM CDT","12:56:05 AM CDT","00:03:54","1"
"Shot Busters (Halloween Party Starter) (Dirty) (Extended)","128","House","12:53:47 AM CDT","12:58:40 AM CDT","00:04:53","2"
"Pony","71","R&B/Soul","12:56:05 AM CDT","6:07:30 PM CDT","41:11:25","1"
"Buy U A Drank (Shawty Snappin') (Intro Clean)","80","R&B","12:58:40 AM CDT","6:07:29 PM CDT","41:08:49","2"
"Money Trees (Intro Dirty)","72","Hip Hop","6:07:29 PM CDT","6:23:12 PM CDT","00:15:43","2"
"Nervous (Xan Griffin Remix) (Clean Extended)","124","Dance Pop","6:28:16 PM CDT","6:47:22 PM CDT","00:19:06","2"
"Dynamite (Intro Clean)","120","Pop","6:44:32 PM CDT","6:48:25 PM CDT","00:03:53","1"
"Thriller (Intro Clean)","118","Pop","6:47:22 PM CDT","6:50:59 PM CDT","00:03:37","2"
"Rock Your Body (Ardent Disco Edit) Clean","111","Pop / Top 40 / Disco","6:48:25 PM CDT","6:53:48 PM CDT","00:05:23","1"
"American Boy (Intro Clean)","118","Top 40","6:51:38 PM CDT","6:55:47 PM CDT","00:04:09","2"
"Bed Chem (Dark Intensity Remix) Clean","124","Pop Dance Remix","6:54:16 PM CDT","6:58:17 PM CDT","00:04:01","1"
"My Humps (Refresh Epic Intro) (Clean Extended)","124","Hip Hop","6:55:47 PM CDT","6:59:40 PM CDT","00:03:53","2"
"Don't Stop The Music (Deville Club Quick HItter) Clean - Beat Out","123","Pop/Dance","6:58:17 PM CDT","7:01:36 PM CDT","00:03:19","1"
"On My Mind (Clean Extended)","123","Tech House","6:59:40 PM CDT","7:03:09 PM CDT","00:03:29","2"
"So What (Intro Clean)","120","Hip Hop","7:02:15 PM CDT","7:04:49 PM CDT","00:02:34","1"
"Don't Cha (Remix) (Intro Clean)","120","R&B","7:03:09 PM CDT","7:07:13 PM CDT","00:04:04","2"
"Moves Like Jagger - Sandom Amapiano Remix (Clean)","114","AfroBeat","7:05:41 PM CDT","7:07:44 PM CDT","00:02:03","1"
"Rock The Boat (Onderkoffer Remix) CK Intro - Clean","112","Afrobeats / Amapiano","7:07:13 PM CDT","7:11:50 PM CDT","00:04:37","2"
"Pass That Dutch (Intro Clean)","111","Hip Hop","7:08:17 PM CDT","7:13:16 PM CDT","00:04:59","1"
"About Damn Time (Intro Dirty)","109","Pop","7:11:50 PM CDT","7:14:46 PM CDT","00:02:56","2"
"Hot In Herre (Intro Clean)","107","Hip Hop","7:13:16 PM CDT","7:17:17 PM CDT","00:04:01","1"
"24K Magic (Intro Clean)","107","Pop","7:15:24 PM CDT","7:18:10 PM CDT","00:02:46","2"
"Tell Me When To Go (Intro Clean)","107","Hip Hop","7:17:17 PM CDT","7:26:30 PM CDT","00:09:13","1"
"Country Girl (Shake It For Me) (Intro Clean)","106","Country","7:18:10 PM CDT","7:31:32 PM CDT","00:13:22","2"
"Sunflower (Cesar Castilla Blend) (Clean Extended)","105","Afrobeat","7:26:30 PM CDT","7:33:11 PM CDT","00:06:41","1"
"Show Me What You Got (Intro Clean)","106","Hip Hop","7:31:32 PM CDT","7:38:52 PM CDT","00:07:20","2"
"One, Two Step (feat. Missy Elliott)","113","R&B/Soul","7:38:11 PM CDT","7:46:39 PM CDT","00:08:28","1"
"Take On Me (Intro Clean)","84","Pop","7:46:39 PM CDT","7:56:03 PM CDT","00:09:24","1"
"Everybody Wants To Rule The World (Intro Clean)","112","Pop","7:48:39 PM CDT","7:57:33 PM CDT","00:08:54","2"
"Blurred Lines (Intro Dirty)","120","Pop","7:56:03 PM CDT","8:02:09 PM CDT","00:06:06","1"
"Big Poppa (Father and Son Edit) (Clean Extended)","122","Tech House","7:57:33 PM CDT","8:12:07 PM CDT","00:14:34","2"
"No Broke Boys (DJ OD Disco Edit) Clean","124","Nu Disco","8:02:09 PM CDT","8:28:33 PM CDT","00:26:24","1"
"Right Round (Intro Dirty)","125","Pop","8:12:07 PM CDT","8:14:24 PM CDT","00:02:17","2"
"Like A G6 (Intro Clean)","125","Pop","8:14:24 PM CDT","8:29:35 PM CDT","00:15:11","2"
"Low (Intro Dirty)","128","Hip Hop","8:28:34 PM CDT","8:37:57 PM CDT","00:09:23","1"
"That's What I Like (Intro Dirty)","134","Pop","8:29:35 PM CDT","8:32:42 PM CDT","00:03:07","2"
"Save A Horse (Ride A Cowboy) (Intro Clean)","102","Country","8:32:42 PM CDT","4:06:59 PM CDT","91:34:17","2"
"Tom's Diner (7"" A)","99","Rock","4:06:59 PM CDT","4:07:10 PM CDT","00:00:11","offline"
"Tom's Diner (7"" A)","99","Rock","4:07:14 PM CDT","4:13:57 PM CDT","00:06:43","2"
"Sweet Home Alabama","98","Rock","4:08:20 PM CDT","4:10:41 PM CDT","00:02:21","1"
"This Love","95","Rock","4:11:21 PM CDT","4:16:18 PM CDT","00:04:57","1"
"Tequila (Clean)","91","Rock","4:13:57 PM CDT","4:17:58 PM CDT","00:04:01","2"
"Beautiful (Intro Clean)","101","Hip Hop","4:16:18 PM CDT","4:21:14 PM CDT","00:04:56","1"
"Doo Wop (That Thing)","100","R&B/Soul","4:17:58 PM CDT","4:23:40 PM CDT","00:05:42","2"
"Sensational (Intro Clean)","100","R&B","4:22:36 PM CDT","4:27:07 PM CDT","00:04:31","1"
"Run It (Remix) (Intro Outro) (Clean)","101","R&B","4:25:45 PM CDT","4:28:25 PM CDT","00:02:40","2"
"Everybody (Backstreet's Back) (Radio Edit)","108","","4:27:07 PM CDT","4:30:07 PM CDT","00:03:00","1"
"24K Magic (Intro Clean)","107","Pop","4:29:04 PM CDT","4:31:39 PM CDT","00:02:35","2"
"Tell Me When To Go (Intro Clean)","107","Hip Hop","4:30:07 PM CDT","4:33:02 PM CDT","00:02:55","1"
"About Damn Time (Intro Clean)","109","Pop","4:31:39 PM CDT","4:36:13 PM CDT","00:04:34","2"
"Hollaback Girl (Intro Clean)","110","Pop","4:33:20 PM CDT","4:37:37 PM CDT","00:04:17","1"
"Motownphilly (Intro Clean)","114","R&B","4:36:13 PM CDT","4:39:00 PM CDT","00:02:47","2"
"Dangerous (Intro Clean)","117","Top 40","4:37:37 PM CDT","4:41:00 PM CDT","00:03:23","1"
"Country Girl (Shake It For Me) (Intro Clean)","106","Country","4:39:00 PM CDT","4:43:41 PM CDT","00:04:41","2"
"Pass That Dutch (Intro Clean)","111","Hip Hop","4:42:12 PM CDT","4:46:01 PM CDT","00:03:49","1"
"Ghostbusters (Intro Clean)","116","Pop","4:43:41 PM CDT","4:49:25 PM CDT","00:05:44","2"
"American Boy (Intro Clean)","118","Top 40","4:46:01 PM CDT","4:51:59 PM CDT","00:05:58","1"
"Criminals (ellis Remix) (XMiX Xpress Edit)","118","Top 40","4:50:07 PM CDT","4:54:43 PM CDT","00:04:36","2"
"Thriller (Intro Clean)","118","Pop","4:53:03 PM CDT","4:58:15 PM CDT","00:05:12","1"
"The Monster (Intro Dirty)","110","Pop","4:55:07 PM CDT","5:01:16 PM CDT","00:06:09","2"
"DJ Got Us Fallin In Love (BPM Supreme Slam Edit) (Clean Extended)","120","Pop","4:58:15 PM CDT","5:03:36 PM CDT","00:05:21","1"
"Taste (Cosmic Dawn Extended Remix)","121","Dance","5:02:29 PM CDT","5:06:05 PM CDT","00:03:36","2"
"Poison (Sergio Villanueva Remix) (Dirty Extended)","122","House","5:03:36 PM CDT","5:10:43 PM CDT","00:07:07","1"
"São Paulo (Intro Dirty)","128","R&B","5:06:05 PM CDT","5:07:57 PM CDT","00:01:52","2"
"S&M (Remix) (DJ Nasa Remix) (Clean Extended)","128","Pop","5:08:09 PM CDT","5:12:31 PM CDT","00:04:22","2"
"Groove Is In The Heart (Ellaime Edit)","127","Dance","5:10:46 PM CDT","5:14:37 PM CDT","00:03:51","1"
"Jamming (Fisher Remix) (JD Live Club Edit) Clean","126","House","5:13:24 PM CDT","5:17:07 PM CDT","00:03:43","2"
"Hot In Here (Steff da Campo Remix)","126","Tech House","5:14:37 PM CDT","5:18:04 PM CDT","00:03:27","1"
"Down (DJ Nasa PoolSide Edit) (Clean Extended)","126","Pop","5:17:07 PM CDT","5:20:01 PM CDT","00:02:54","2"
"The Way You Move (Party Essentials Remix) clean","126","R&B","5:18:04 PM CDT","5:24:28 PM CDT","00:06:24","1"
"In The Ayer (Intro Clean)","126","R&B","5:20:01 PM CDT","5:26:02 PM CDT","00:06:01","2"
"1, 2 Step","125","Bass House","5:24:28 PM CDT","5:27:30 PM CDT","00:03:02","1"
"Pretty Boy Swag (Intro Clean)","124","Hip Hop","5:26:02 PM CDT","5:28:59 PM CDT","00:02:57","2"
"Bad & Boujee (Intro Clean)","127","Hip Hop","5:27:51 PM CDT","5:31:26 PM CDT","00:03:35","1"
"Crank That (Soulja Boy) (Intro Clean)","70","Hip Hop","5:29:58 PM CDT","5:32:57 PM CDT","00:02:59","2"
"23 (Intro Clean)","70","Hip Hop","5:31:26 PM CDT","5:35:49 PM CDT","00:04:23","1"
"Take It To The Head [Intro Clean]","71","Hip  Hop","5:32:59 PM CDT","5:38:30 PM CDT","00:05:31","2"
"Splash Waterfalls (Whatever You Want Remix) (Intro Clean)","73","Hip Hop","5:36:50 PM CDT","5:40:18 PM CDT","00:03:28","1"
"Kiss Me Thru The Phone (Intro Clean)","75","Hip Hop","5:39:25 PM CDT","5:42:41 PM CDT","00:03:16","2"
"WHISKEY WHISKEY (Intro Clean)","76","Hip Hop","5:40:18 PM CDT","5:44:21 PM CDT","00:04:03","1"
"Man Down (Intro Clean)","78","Reggae","5:42:41 PM CDT","5:47:06 PM CDT","00:04:25","2"
"Shawty (Intro Clean)","79","Hip Hop","5:44:54 PM CDT","5:49:10 PM CDT","00:04:16","1"
"Walk It Out (Intro Clean)","80","Hip Hop","5:47:06 PM CDT","5:51:41 PM CDT","00:04:35","2"
"Down On Me (Refresh Acapella Break) (Clean Extended)","80","Hip Hop","5:49:35 PM CDT","5:52:55 PM CDT","00:03:20","1"
"Birthday Cake (Remix) (BPM Supreme Party Starter) (Dirty Extended)","80","Pop","5:51:47 PM CDT","5:55:00 PM CDT","00:03:13","2"
"Dance (Ass) (Remix) (Intro Clean)","80","Hip Hop","5:52:55 PM CDT","5:56:25 PM CDT","00:03:30","1"
"Savage (Remix) (Intro Clean)","84","Hip Hop","5:55:00 PM CDT","5:57:27 PM CDT","00:02:27","2"
"It's Goin' Down (Intro Clean)","84","Hip Hop","5:56:25 PM CDT","6:00:48 PM CDT","00:04:23","1"
"Get Like Me (Intro Clean)","88","Hip Hop","5:59:56 PM CDT","6:03:11 PM CDT","00:03:15","2"
"Drop It Low (Intro Dirty)","88","Hip Hop","6:00:48 PM CDT","6:05:12 PM CDT","00:04:24","1"
"Drop It Like It's Hot (Intro Dirty)","92","Hip Hop","6:04:03 PM CDT","6:07:46 PM CDT","00:03:43","2"
"Thrift Shop (Intro Clean)","95","Hip Hop","6:06:11 PM CDT","6:08:51 PM CDT","00:02:40","1"
"Shot Busters (Halloween Party Starter) (Dirty) (Extended)","128","House","6:07:46 PM CDT","6:11:06 PM CDT","00:03:20","2"
"Scream & Shout (Intro Dirty)","130","Pop","6:09:19 PM CDT","6:13:19 PM CDT","00:04:00","1"
"On My Mind (Clean Extended)","123","Tech House","6:11:06 PM CDT","6:16:44 PM CDT","00:05:38","2"
"Sexy And I Know It (Alvin Anthony Remix) (Dirty Extended)","124","Tech House","6:13:19 PM CDT","6:15:10 PM CDT","00:01:51","1"
"My Humps (Refresh Epic Intro) (Dirty Extended)","124","Hip Hop","6:15:10 PM CDT","6:18:26 PM CDT","00:03:16","1"
"Get Busy (Cesar Castilla Disco House Edit) (Clean)","122","Nu Disco","6:16:44 PM CDT","6:22:53 PM CDT","00:06:09","2"
"Temperature (Intro Clean)","125","Dancehall","6:18:26 PM CDT","6:21:05 PM CDT","00:02:39","1"
"Starships (Deville Jamming House Edit) Clean","126","Pop/Dance","6:21:05 PM CDT","6:25:30 PM CDT","00:04:25","1"
"Work (Jesus Fernandez Remix) (Clean Extended)","124","Tech House","6:23:51 PM CDT","6:26:37 PM CDT","00:02:46","2"
"Baby Got Back (Intro Dirty)","128","Hip Hop","6:25:30 PM CDT","6:28:00 PM CDT","00:02:30","1"
"Anaconda (Intro Dirty)","130","Hip Hop","6:26:37 PM CDT","6:30:28 PM CDT","00:03:51","2"
"Low (Intro Dirty)","128","Hip Hop","6:28:01 PM CDT","6:31:23 PM CDT","00:03:22","1"
"Super Freak (Cesar Castilla Guitar Intro) (Clean Extended)","131","Funk","6:30:47 PM CDT","6:33:21 PM CDT","00:02:34","2"
"Super Freaky Girl (Muzik Junkies Halloween Edit) (Clean Extended)","133","Hip Hop","6:31:23 PM CDT","6:34:47 PM CDT","00:03:24","1"
"Fergalicious (Intro Dirty)","129","Pop","6:33:21 PM CDT","6:36:57 PM CDT","00:03:36","2"
"NOKIA (Club Killers Party Booster) Dirty","128","Hip-Hop/Dance","6:34:47 PM CDT","6:38:50 PM CDT","00:04:03","1"
"Lose Control (Cesar Castilla Break Intro) (Dirty Extended)","125","Hip Hop","6:36:57 PM CDT","6:41:25 PM CDT","00:04:28","2"
"Don't Stop The Music (Intro Clean)","123","Pop","6:38:50 PM CDT","6:44:31 PM CDT","00:05:41","1"
"Gas Pedal (R-You Bootleg) (Dirty Extended)","124","Tech House","6:41:25 PM CDT","6:45:15 PM CDT","00:03:50","2"
"Somebody That I Used To Know (Tiger Toast Remix) Clean","130","House","6:44:31 PM CDT","6:48:16 PM CDT","00:03:45","1"
"Anxiety (DJ Nasa Remix) (Dirty Extended)","129","Pop","6:45:15 PM CDT","6:49:02 PM CDT","00:03:47","2"
"No Hands (Intro Dirty)","132","Hip Hop","6:48:16 PM CDT","6:53:40 PM CDT","00:05:24","1"
"This Is How We Do It (Intro Clean)","104","Hip Hop","6:51:53 PM CDT","6:56:19 PM CDT","00:04:26","2"
"Give It To Me (Intro Dirty)","111","Hip Hop","6:53:40 PM CDT","6:59:05 PM CDT","00:05:25","1"
"Candy (Intro Clean)","110","R&B","6:56:19 PM CDT","7:01:34 PM CDT","00:05:15","2"
"Hot In Herre (Intro Dirty)","107","Hip Hop","6:59:05 PM CDT","7:04:03 PM CDT","00:04:58","1"
"Gimme The Light (Intro Dirty)","107","Dancehall","7:01:34 PM CDT","7:05:20 PM CDT","00:03:46","2"
"Replay (Frequency X 'Lonely At The Top' Afro Blend) Clean","105","Afrobeat","7:04:03 PM CDT","7:06:15 PM CDT","00:02:12","1"
"Sunflower (Cesar Castilla Blend) (Clean Extended)","105","Afrobeat","7:05:20 PM CDT","7:07:52 PM CDT","00:02:32","2"
"Yeah! (Intro Clean)","105","Hip Hop","7:06:15 PM CDT","7:11:02 PM CDT","00:04:47","1"
"Bananza (Belly Dancer) [12"" Version]","105","R&B/Soul","7:07:52 PM CDT","7:13:32 PM CDT","00:05:40","2"
"Espresso (Ardent 'Black Coffee' Intro) Dirty","104","Pop / Top 40","7:11:02 PM CDT","7:15:47 PM CDT","00:04:45","1"
"Disco Inferno (Even Steve Funk Edit) Intro - Dirty","103","Funk / Hip Hop","7:13:32 PM CDT","7:16:51 PM CDT","00:03:19","2"
"The Humpty Dance (Intro Clean)","104","Hip Hop","7:15:47 PM CDT","7:19:55 PM CDT","00:04:08","1"
"Poison (Intro Dirty)","112","R&B","7:16:51 PM CDT","7:22:16 PM CDT","00:05:25","2"
"Window Shopper (Bustin Timberfake Disco Remix) Clean","108","Nu Disco","7:20:21 PM CDT","7:24:04 PM CDT","00:03:43","1"
"JUMPIN (Intro Clean)","118","Latin Pop","7:22:16 PM CDT","7:26:09 PM CDT","00:03:53","2"
"Cake By The Ocean (Intro Clean)","119","Top 40","7:24:04 PM CDT","7:28:01 PM CDT","00:03:57","1"
"So What (Intro Dirty)","120","Hip Hop","7:26:09 PM CDT","7:30:49 PM CDT","00:04:40","2"
"Sugar (Intro Dirty)","120","Pop","7:28:01 PM CDT","7:33:44 PM CDT","00:05:43","1"
"Mutt (Bustin Timberfake Nu Disco Banger) Dirty","120","Nu Disco","7:30:49 PM CDT","7:36:23 PM CDT","00:05:34","2"
"TiK ToK","120","Pop","7:34:40 PM CDT","7:37:50 PM CDT","00:03:10","1"
"Nuthin' But A G Thang (Alex Dreamz Remix) Dirty Dub","120","Tech House","7:36:40 PM CDT","7:40:15 PM CDT","00:03:35","2"
"WTF (Where They From) (Intro Clean)","121","Hip Hop","7:39:14 PM CDT","7:42:47 PM CDT","00:03:33","1"
"Blurred Lines (Intro Outro) (Clean)","120","Mainstream","7:40:58 PM CDT","7:45:07 PM CDT","00:04:09","2"
"Caroline (Intro Dirty)","120","Hip Hop","7:44:17 PM CDT","7:47:34 PM CDT","00:03:17","1"
"Don't Cha (Remix) (Intro Dirty)","120","R&B","7:45:07 PM CDT","7:51:53 PM CDT","00:06:46","2"
"Mystical Magical (Intro Clean)","120","Pop","7:47:34 PM CDT","7:53:40 PM CDT","00:06:06","1"
"Dynamite (Intro Clean)","120","Pop","7:51:53 PM CDT","7:58:20 PM CDT","00:06:27","2"
"Don't Stop Believin'","121","Rock","7:53:55 PM CDT","8:00:15 PM CDT","00:06:20","1"
"Big Poppa (Father and Son Edit) (Clean Extended)","122","Tech House","7:58:20 PM CDT","8:02:03 PM CDT","00:03:43","2"
"Never Too Much (Ardent Nu-Disco Edit) Clean","123","Nu Disco","8:00:15 PM CDT","8:03:44 PM CDT","00:03:29","1"
"Pink Pony Club (JD Live House Bootleg) Clean","124","House","8:02:18 PM CDT","8:06:43 PM CDT","00:04:25","2"
"Silly Games (Cesar Castilla Tulum Selection Edit) (Clean)","124","House","8:04:00 PM CDT","8:09:37 PM CDT","00:05:37","1"
"Return Of The Mack (Duke Jones Remix)","124","Dance","8:06:43 PM CDT","8:11:15 PM CDT","00:04:32","2"
"Touch The Sky (R-You Bootleg) (Clean Extended)","124","Tech House","8:09:37 PM CDT","8:12:40 PM CDT","00:03:03","1"
"Area Codes (JD Live Bootleg) Dirty","124","Tech House","8:11:15 PM CDT","8:16:05 PM CDT","00:04:50","2"
"Nervous (Xan Griffin Remix) (Clean Extended)","124","Dance Pop","8:12:40 PM CDT","8:17:21 PM CDT","00:04:41","1"
"Pour It Up (R-You Bootleg) (Clean Extended)","125","Dance Pop","8:16:05 PM CDT","8:19:49 PM CDT","00:03:44","2"
"Boom Boom Pow (Intro Dirty)","130","Hip Hop","8:17:44 PM CDT","8:21:57 PM CDT","00:04:13","1"
"Krazy (Intro Clean)","125","Hip Hop","8:19:49 PM CDT","8:24:13 PM CDT","00:04:24","2"
"Like A G6 (Intro Clean)","125","Pop","8:21:57 PM CDT","8:27:32 PM CDT","00:05:35","1"
"Memories (Refresh Personal Edit) (Dirty Extended)","130","Dance Pop","8:24:52 PM CDT","8:29:55 PM CDT","00:05:03","2"
"Pony","71","R&B/Soul","8:27:32 PM CDT","8:32:23 PM CDT","00:04:51","1"
"Good Good (Intro Dirty)","70","Hip Hop","8:29:55 PM CDT","8:35:15 PM CDT","00:05:20","2"
"I Love My Country (Intro Clean)","70","Country","8:33:09 PM CDT","8:37:54 PM CDT","00:04:45","1"
"TGIF (Cesar Castilla R&B Blend) (Dirty Extended)","70","R&B","8:35:15 PM CDT","8:35:48 PM CDT","00:00:33","2"
"TGIF (Cesar Castilla R&B Blend) (Clean Extended)","70","R&B","8:35:48 PM CDT","8:38:53 PM CDT","00:03:05","2"
"Slippery (Intro Clean)","71","Hip Hop","8:37:54 PM CDT","8:40:34 PM CDT","00:02:40","1"
"On My Level (Intro Clean)","72","Hip Hop","8:39:11 PM CDT","8:41:40 PM CDT","00:02:29","2"
"Swag Surfin' (Intro Clean)","72","Hip Hop","8:40:34 PM CDT","8:43:32 PM CDT","00:02:58","1"
"Chris Brown - Deuces (Lyrics) Ft. Tyga, Kevin McCall","74","R&B","8:41:40 PM CDT","8:47:05 PM CDT","00:05:25","2"
"Bottoms Up (Intro Clean)","74","Top 40","8:43:32 PM CDT","8:49:46 PM CDT","00:06:14","1"
"BedRock (Intro Dirty)","74","Hip Hop","8:47:05 PM CDT","8:52:04 PM CDT","00:04:59","2"
"Lollipop (Intro Clean)","74","Hip Hop","8:49:46 PM CDT","8:54:37 PM CDT","00:04:51","1"
"Beez In The Trap (Intro Dirty)","75","Hip Hop","8:52:04 PM CDT","8:56:38 PM CDT","00:04:34","2"
"Whatever You Like (Intro Dirty)","75","Hip Hop","8:54:37 PM CDT","8:58:56 PM CDT","00:04:19","1"
"Party Like A Rock Star (Explicit)","","","8:56:38 PM CDT","9:00:56 PM CDT","00:04:18","2"
"Teach Me How To Dougie (Intro Dirty)","85","Top 40","8:59:21 PM CDT","9:05:30 PM CDT","00:06:09","1"
"What Them Girls Like (Intro Dirty)","85","Hip Hop","9:00:56 PM CDT","9:01:58 PM CDT","00:01:02","2"
"Wobble Baby (Intro Dirty)","95","Hip Hop","9:02:04 PM CDT","9:08:28 PM CDT","00:06:24","2"
"Flex (Remix) (Intro Clean)","121","Hip Hop","9:05:54 PM CDT","9:10:22 PM CDT","00:04:28","1"
"So What (Intro Dirty)","120","Hip Hop","9:08:28 PM CDT","9:12:43 PM CDT","00:04:15","2"
"Hypnotized (Intro Dirty)","117","Hip Hop","9:10:22 PM CDT","9:14:41 PM CDT","00:04:19","1"
"Promiscuous (Refresh Epic Intro) (Clean Extended)","114","Pop","9:12:43 PM CDT","9:16:15 PM CDT","00:03:32","2"
"One, Two Step (feat. Missy Elliott)","113","R&B/Soul","9:14:41 PM CDT","9:19:47 PM CDT","00:05:06","1"
"NISSAN ALTIMA (Intro Clean)","117","Hip Hop","9:16:15 PM CDT","9:21:45 PM CDT","00:05:30","2"
"Mezcal Bounce (Extended Mix) Clean","132","House","9:20:23 PM CDT","9:23:30 PM CDT","00:03:07","1"
"Hollaback Too Much (David Puentez Mashup) (Dirty Extended)","128","Mash Ups","9:21:45 PM CDT","9:24:58 PM CDT","00:03:13","2"
"Can't Tell Me Nothing (DJ Nasa Remix) (Clean Extended)","128","Tech House","9:23:30 PM CDT","9:27:56 PM CDT","00:04:26","1"
"Mercy (Mike Gray Remix) (Clean)","128","Dance","9:24:58 PM CDT","9:29:58 PM CDT","00:05:00","2"
"Shot Busters (Halloween Party Starter) (Dirty) (Extended)","128","House","9:27:56 PM CDT","9:31:43 PM CDT","00:03:47","1"
"Massive (KREAM Remix) (Clean Extended)","125","House","9:29:58 PM CDT","9:34:05 PM CDT","00:04:07","2"
"Bodak Yellow (Los Dutis House Remix) (Dirty Extended)","125","House","9:31:43 PM CDT","9:38:47 PM CDT","00:07:04","1"
"Crazy - Beatz Freq Get Down Edit","125","Bass House","9:34:05 PM CDT","9:40:44 PM CDT","00:06:39","2"
"Thong Song (Deville Poolside Mix) Dirty","125","Pop/House","9:38:47 PM CDT","9:41:51 PM CDT","00:03:04","1"
"Fuego (Explicit)","135","","9:40:54 PM CDT","9:45:17 PM CDT","00:04:23","2"
"Hotel Room Service","126","","9:41:51 PM CDT","9:48:04 PM CDT","00:06:13","1"
"That's What I Like (Intro Dirty)","134","Pop","9:45:17 PM CDT","9:51:07 PM CDT","00:05:50","2"
"Glamorous (Intro Dirty)","131","Pop","9:49:22 PM CDT","9:53:00 PM CDT","00:03:38","1"
"Messy (BVRNOUT Remix) Dirty","130","Pop Dance Remix","9:51:07 PM CDT","9:55:00 PM CDT","00:03:53","2"
"Party (Cesar Castilla Jump Off Edit) (Clean)","130","Tech House","9:53:00 PM CDT","9:55:44 PM CDT","00:02:44","1"
"Sexy Bitch (Smassh Epic Synth Quick Hitter) Dirty","130","Dance","9:55:00 PM CDT","9:58:05 PM CDT","00:03:05","2"
"OMG (Intro Clean)","130","Dance Pop","9:55:44 PM CDT","10:01:30 PM CDT","00:05:46","1"
"Stephanie (Extended Mix) Dirty","130","House","9:58:05 PM CDT","10:05:04 PM CDT","00:06:59","2"
"Sexy & I Know It (Intro Clean)","130","Pop","10:01:30 PM CDT","10:07:54 PM CDT","00:06:24","1"
"Maneater (Rob Rivera Remix) (Clean Extended)","125","Tech House","10:06:25 PM CDT","10:09:22 PM CDT","00:02:57","2"
"Somebody's Watching Me (DJ Nasa Epic Intro) (Clean Extended)","124","Pop","10:07:54 PM CDT","10:12:14 PM CDT","00:04:20","1"
"Birthday Bitch (Mr. Collipark Remix) (Dirty Extended)","100","Hip Hop","10:10:20 PM CDT","10:13:25 PM CDT","00:03:05","2"
"I Wanna Love You (Intro Dirty)","100","Hip Hop","10:12:14 PM CDT","10:14:30 PM CDT","00:02:16","1"
"Blow The Whistle (Intro Outro) (Clean)","100","Hip Hop","10:13:25 PM CDT","10:15:48 PM CDT","00:02:23","2"
"Tap In (Intro Dirty)","100","Hip Hop","10:14:30 PM CDT","10:16:43 PM CDT","00:02:13","1"
"Freek-A-Leek","105","Hip-Hop/Rap","10:15:48 PM CDT","10:19:06 PM CDT","00:03:18","2"
"Goodies (feat. Petey Pablo)","102","R&B/Soul","10:16:43 PM CDT","10:20:45 PM CDT","00:04:02","1"
"Back That Azz Up (DJ Nasa Epic Intro) (Dirty Extended)","96","Hip Hop","10:19:06 PM CDT","10:22:25 PM CDT","00:03:19","2"
"Wait (The Whisper Song)","102","Hip-Hop/Rap","10:20:45 PM CDT","10:23:37 PM CDT","00:02:52","1"
"Work It (Refresh Epic Intro) (Dirty Extended)","102","Hip Hop","10:22:25 PM CDT","10:24:58 PM CDT","00:02:33","2"
"Shake Dat (Intro Dirty)","102","Hip Hop","10:23:51 PM CDT","10:26:28 PM CDT","00:02:37","1"
"Get Low (feat. Ying Yang Twins)","101","Dirty South","10:24:58 PM CDT","10:27:50 PM CDT","00:02:52","2"
"Big Poppa (BPM Supreme 'Pool Side' Remix) (Dirty Extended)","100","Hip Hop","10:26:28 PM CDT","10:28:28 PM CDT","00:02:00","1"
"Get Ur Freak On - Tall Boys Remix (Dirty)","100","Hip Hop","10:27:50 PM CDT","10:29:48 PM CDT","00:01:58","2"
"Put Your Hands Where My Eyes Could See - Anthem Kingz Dicmatized Edit (Dirty)","101","Hip Hop","10:28:40 PM CDT","10:31:51 PM CDT","00:03:11","1"
"Yeah 3x (Explicit)","130","","10:30:58 PM CDT","10:34:44 PM CDT","00:03:46","2"
"What's It Gonna Be","116","R&B","10:32:39 PM CDT","10:37:25 PM CDT","00:04:46","1"
"Closer (Intro Clean)","126","R&B","10:34:44 PM CDT","10:40:32 PM CDT","00:05:48","2"
"Made For Me (Remix) (Intro Clean)","120","R&B","10:37:25 PM CDT","10:41:57 PM CDT","00:04:32","1"
"Oui (Clean)","120","R&B","10:40:32 PM CDT","10:44:07 PM CDT","00:03:35","2"
"Down (feat. Lil Wayne)","132","R&B/Soul","10:43:31 PM CDT","10:47:48 PM CDT","00:04:17","1"
"Good Love (Intro Dirty)","130","Hip Hop","10:44:07 PM CDT","10:49:05 PM CDT","00:04:58","2"
"The Dress Code Is Take It Off (Deville Wordplay Edit) Clean","128","Tech House","10:47:48 PM CDT","10:50:50 PM CDT","00:03:02","1"
"Low Rider (Kyle Watson Remix)","129","Tech House","10:49:31 PM CDT","10:53:06 PM CDT","00:03:35","2"
"Express Yourself (Mochakk Remix) (Clean Extended)","128","Tech House","10:51:02 PM CDT","10:54:07 PM CDT","00:03:05","1"
"We Found Love (Cesar Castilla Miami Sunset Edit) (Clean Extended)","128","Tech House","10:53:06 PM CDT","10:55:46 PM CDT","00:02:40","2"
"Sticky (Cesar Castilla 'Calypso' Vip Edit) (Dirty)","128","Tech House","10:54:07 PM CDT","","","1"
"I Gotta Feeling (Intro Clean)","128","Pop","10:55:46 PM CDT","3:39:50 PM CDT","16:44:04","2"
"Can't Feel My Face (Rivas 'Ocean' Edit) (Clean Extended)","128","Tech House","10:58:13 PM CDT","3:39:50 PM CDT","16:41:37","1"
"Can't Feel My Face (Rivas 'Ocean' Edit) (Clean Extended)","128","Tech House","3:39:50 PM CDT","3:46:47 PM CDT","00:06:57","2"
"Can't Feel My Face (Rivas 'Ocean' Edit) (Clean Extended)","128","Tech House","3:39:50 PM CDT","3:46:49 PM CDT","00:06:59","1"
"On & On (Intro Clean)","80","R&B","3:46:49 PM CDT","4:28:00 PM CDT","00:41:11","1"
"Bringin' On The Heartbreak","77","","4:13:45 PM CDT","4:21:57 PM CDT","00:08:12","2"
"Unfoolish (Intro Clean)","91","R&B","4:23:07 PM CDT","4:35:35 PM CDT","00:12:28","2"
"Pour Some Sugar On Me (Intro Clean)","85","Rock","4:30:57 PM CDT","4:37:46 PM CDT","00:06:49","1"
"Love The Way You Lie (Intro Clean)","87","Hip Hop","4:35:35 PM CDT","4:49:41 PM CDT","00:14:06","2"
"Billionaire (Intro Clean)","87","Pop / Top 40","4:37:46 PM CDT","5:00:26 PM CDT","00:22:40","1"
"Beverly Hills (Intro Clean)","88","Rock","4:49:41 PM CDT","5:04:19 PM CDT","00:14:38","2"
"No Diggity (Intro Clean)","89","Hip Hop","5:00:26 PM CDT","5:12:37 PM CDT","00:12:11","1"
"Doo Wop (That Thing)","100","R&B/Soul","5:04:19 PM CDT","5:12:39 PM CDT","00:08:20","2"
"Usher - Good Kisser (Official Audio)","98","","5:12:37 PM CDT","5:20:47 PM CDT","00:08:10","1"
"Don't Tell 'Em (Intro Clean)","98","R&B","5:13:17 PM CDT","5:18:43 PM CDT","00:05:26","2"
"Crazy in Love (feat. Jay-Z)","99","Pop","5:18:43 PM CDT","5:21:36 PM CDT","00:02:53","2"
"Freaky Friday (Intro Clean)","100","Hip Hop","5:20:47 PM CDT","5:23:19 PM CDT","00:02:32","1"
"I'm Sprung","100","R&B/Soul","5:21:36 PM CDT","5:23:37 PM CDT","00:02:01","2"
"Big Poppa (BPM Supreme 'Pool Side' Remix) (Dirty Extended)","100","Hip Hop","5:23:19 PM CDT","5:26:53 PM CDT","00:03:34","1"
"Big Poppa (BPM Supreme 'Pool Side' Remix) (Dirty Extended)","100","Hip Hop","5:23:37 PM CDT","5:26:24 PM CDT","00:02:47","2"
"A Bar Song (JD Live Lounge Edit Chrous Intro) Dirty","100","Country","5:26:24 PM CDT","5:46:02 PM CDT","00:19:38","2"
"Work It (Refresh Epic Intro) (Clean Extended)","102","Hip Hop","5:26:53 PM CDT","5:47:03 PM CDT","00:20:10","1"
"Take Me Thru Dere (Intro Clean)","72","Hip Hop","5:46:02 PM CDT","6:03:10 PM CDT","00:17:08","2"
"All I Do Is Win (Intro Dirty)","75","Hip Hop","5:57:51 PM CDT","6:01:22 PM CDT","00:03:31","1"
"Walk It Out (Intro Clean)","80","Hip Hop","6:01:22 PM CDT","6:03:58 PM CDT","00:02:36","1"
"Crank That (Soulja Boy)","70","","6:03:10 PM CDT","6:05:23 PM CDT","00:02:13","2"
"Man Down (Intro Dirty)","78","Reggae","6:03:58 PM CDT","6:06:28 PM CDT","00:02:30","1"
"Down On Me (Refresh Acapella Break) (Clean Extended)","80","Hip Hop","6:05:26 PM CDT","6:08:53 PM CDT","00:03:27","2"
"Sugar Were Goin Down (Epic In Clean CK Cut)","81","Pop Punk / EMO","6:07:22 PM CDT","6:09:40 PM CDT","00:02:18","1"
"It's Goin' Down (Refresh Epic Intro) (Dirty Extended)","84","Hip Hop","6:08:53 PM CDT","6:10:54 PM CDT","00:02:01","2"
"Teach Me How To Dougie (Intro Dirty)","85","Top 40","6:09:40 PM CDT","6:13:00 PM CDT","00:03:20","1"
"E.I. (Intro Dirty)","90","Hip Hop","6:11:16 PM CDT","6:14:57 PM CDT","00:03:41","2"
"Replay (Intro Clean)","91","R&B","6:13:00 PM CDT","6:16:25 PM CDT","00:03:25","1"
"Valet (Intro Clean)","94","R&B","6:14:57 PM CDT","6:17:16 PM CDT","00:02:19","2"
"Still Not A Player (Intro Clean)","94","Hip Hop","6:16:25 PM CDT","6:18:03 PM CDT","00:01:38","1"
"Return Of The Mack (Intro Clean)","95","R&B","6:17:16 PM CDT","6:19:12 PM CDT","00:01:56","2"
"NANi Vs Return of the Mack (Smassh Brunch n Beats Mix) Clean","95","Hip Hop","6:18:03 PM CDT","6:20:34 PM CDT","00:02:31","1"
"I'll Be There (You're All I Need To Get By) (Puff Daddy Mix) (Intro Dirty)","95","R&B","6:19:12 PM CDT","6:21:34 PM CDT","00:02:22","2"
"U Don't Have To Call (Intro Dirty)","100","R&B","6:20:50 PM CDT","6:23:08 PM CDT","00:02:18","1"
"Sunflower (Cesar Castilla Blend) (Clean Extended)","105","Afrobeat","6:22:06 PM CDT","6:23:50 PM CDT","00:01:44","2"
"Dangerous (Intro Dirty)","117","Hip Hop","6:23:08 PM CDT","6:24:55 PM CDT","00:01:47","1"
"Ghostbusters (Intro Clean)","116","Pop","6:23:50 PM CDT","6:26:00 PM CDT","00:02:10","2"
"American Boy (Intro Dirty)","118","Top 40","6:24:55 PM CDT","6:26:48 PM CDT","00:01:53","1"
"Thriller (Intro Clean)","118","Pop","6:26:00 PM CDT","6:29:00 PM CDT","00:03:00","2"
"Bad Romance (Intro Clean)","119","Pop","6:28:19 PM CDT","6:30:30 PM CDT","00:02:11","1"
"Don't Cha (Remix) (Intro Dirty)","120","R&B","6:29:00 PM CDT","6:32:37 PM CDT","00:03:37","2"
"Dynamite (Intro Clean)","120","Pop","6:30:51 PM CDT","6:35:25 PM CDT","00:04:34","1"
"Caroline (Intro Clean)","120","Hip Hop","6:33:06 PM CDT","6:36:57 PM CDT","00:03:51","2"
"Blurred Lines (Intro Outro) (Clean)","120","Mainstream","6:36:04 PM CDT","6:37:56 PM CDT","00:01:52","1"
"Scream & Shout (Intro Dirty)","130","Pop","6:36:57 PM CDT","6:38:50 PM CDT","00:01:53","2"
"Scream & Shout (Intro Clean)","130","Pop","6:37:56 PM CDT","6:40:45 PM CDT","00:02:49","1"
"Baby Got Back (Intro Clean)","128","Hip Hop","6:38:50 PM CDT","6:42:57 PM CDT","00:04:07","2"
"Glamorous (Intro Dirty)","131","Pop","6:40:45 PM CDT","6:44:54 PM CDT","00:04:09","1"
"The Way You Move (Party Essentials Remix) clean","126","R&B","6:42:57 PM CDT","6:47:18 PM CDT","00:04:21","2"
"Don't Stop The Music - Spryte Kick It With Me Edit","125","Dance","6:44:54 PM CDT","6:49:18 PM CDT","00:04:24","1"
"Right Round (Intro Dirty)","125","Pop","6:47:18 PM CDT","6:48:37 PM CDT","00:01:19","2"
"Mars (Pretty Boy Swag) (Clean Extended)","125","Tech House","6:48:37 PM CDT","6:51:27 PM CDT","00:02:50","2"
"Pretty Boy Swag (Intro Dirty)","124","Hip Hop","6:49:18 PM CDT","6:50:45 PM CDT","00:01:27","1"
"TiK ToK","120","Pop","6:50:45 PM CDT","6:52:52 PM CDT","00:02:07","1"
"Sugar (Intro Dirty)","120","Pop","6:51:33 PM CDT","6:54:10 PM CDT","00:02:37","2"
"So What (Intro Dirty)","120","Hip Hop","6:52:52 PM CDT","6:57:14 PM CDT","00:04:22","1"
"Cake By The Ocean (Intro Clean)","119","Top 40","6:54:10 PM CDT","6:54:51 PM CDT","00:00:41","2"
"Nissan Altima vs Nuevayol (Triple A Blend) (Clean Extended)","117","Latin Pop","6:54:51 PM CDT","6:56:10 PM CDT","00:01:19","2"
"Lottery (Intro Clean)","114","Hip Hop","6:56:10 PM CDT","6:58:14 PM CDT","00:02:04","2"
"Mutt (Bustin Timberfake Nu Disco Banger) Clean","120","Nu Disco","6:57:14 PM CDT","7:00:24 PM CDT","00:03:10","1"
"Mystical Magical (Intro Clean)","120","Pop","6:58:14 PM CDT","7:02:46 PM CDT","00:04:32","2"
"Taste (Intro Clean)","113","Pop","7:00:24 PM CDT","7:04:55 PM CDT","00:04:31","1"
"Boots On The Ground (Intro Clean)","111","R&B","7:02:46 PM CDT","7:06:59 PM CDT","00:04:13","2"
"Give It To Me (Refresh Epic Intro) (Clean Extended)","111","Pop","7:04:55 PM CDT","7:10:36 PM CDT","00:05:41","1"
"The Monster (Intro Clean)","110","Pop","7:06:59 PM CDT","7:13:58 PM CDT","00:06:59","2"
"Candy (Intro Clean)","110","R&B","7:10:36 PM CDT","7:14:51 PM CDT","00:04:15","1"
"Hollaback Girl (Intro Clean)","110","Pop","7:13:58 PM CDT","7:17:53 PM CDT","00:03:55","2"
"Here I Am (Intro Clean)","110","Hip Hop","7:14:51 PM CDT","7:20:09 PM CDT","00:05:18","1"
"Down (Intro Clean)","116","Pop","7:19:04 PM CDT","7:21:17 PM CDT","00:02:13","2"
"Dynamite (Intro Clean)","114","Pop","7:20:09 PM CDT","7:23:40 PM CDT","00:03:31","1"
"About Damn Time (Intro Dirty)","109","Pop","7:21:53 PM CDT","7:25:24 PM CDT","00:03:31","2"
"Rock With You (Hot Classics Remix) clean","114","R&B","7:23:40 PM CDT","7:28:02 PM CDT","00:04:22","1"
"One, Two Step (feat. Missy Elliott)","113","R&B/Soul","7:25:24 PM CDT","7:30:33 PM CDT","00:05:09","2"
"Poison (Intro Dirty)","112","R&B","7:28:02 PM CDT","7:32:59 PM CDT","00:04:57","1"
"Skate (New Jack Swing DJ Theo Tabora) (Clean Extended)","112","Dance Pop","7:30:33 PM CDT","7:33:46 PM CDT","00:03:13","2"
"Motownphilly (Intro Clean)","114","R&B","7:33:10 PM CDT","7:35:42 PM CDT","00:02:32","1"
"My Prerogative","110","","7:33:46 PM CDT","7:38:02 PM CDT","00:04:16","2"
"Hot In Herre (Intro Dirty)","107","Hip Hop","7:37:16 PM CDT","7:41:08 PM CDT","00:03:52","1"
"Living It Up (Intro Outro) (Clean)","106","Hip Hop","7:38:20 PM CDT","7:44:14 PM CDT","00:05:54","2"
"Finesse (Cesar Castilla Acapella Intro) (Dirty Extended)","105","Pop","7:41:08 PM CDT","7:46:54 PM CDT","00:05:46","1"
"Lovin on Me (Intro Dirty)","105","Hip Hop","7:44:14 PM CDT","7:49:26 PM CDT","00:05:12","2"
"Espresso (Ardent 'Black Coffee' Intro) Dirty","104","Pop / Top 40","7:46:54 PM CDT","7:50:54 PM CDT","00:04:00","1"
"House Party (Intro Clean)","104","Country","7:49:26 PM CDT","7:54:31 PM CDT","00:05:05","2"
"This Is How We Do It (Intro Clean)","104","Hip Hop","7:50:54 PM CDT","7:56:45 PM CDT","00:05:51","1"
"The Humpty Dance (Intro Clean)","104","Hip Hop","7:54:31 PM CDT","7:59:52 PM CDT","00:05:21","2"
"Fine China","104","R&B","7:56:45 PM CDT","8:01:58 PM CDT","00:05:13","1"
"Before I Let Go","103","Other","7:59:57 PM CDT","8:04:57 PM CDT","00:05:00","2"
"Before I Let Go (Funkymix by Stacy Mier)","103","Funkymix","8:01:58 PM CDT","8:06:45 PM CDT","00:04:47","1"
"Run It (Remix) (Intro Outro) (Clean)","101","R&B","8:05:24 PM CDT","8:09:34 PM CDT","00:04:10","2"
"Save A Horse (Ride A Cowboy) (Intro Clean)","102","Country","8:06:45 PM CDT","8:13:11 PM CDT","00:06:26","1"
"They Reminisce Over You (T.R.O.Y.) (Intro Clean)","102","Hip Hop","8:09:34 PM CDT","8:14:41 PM CDT","00:05:07","2"
"Party Up (Up In Here) (Intro Clean)","101","Hip Hop","8:13:11 PM CDT","8:16:14 PM CDT","00:03:03","1"
"I Wanna Love You (Intro Clean)","100","Hip Hop","8:14:44 PM CDT","8:17:58 PM CDT","00:03:14","2"
"Blow The Whistle (Intro Outro) (Clean)","100","Hip Hop","8:16:14 PM CDT","8:20:36 PM CDT","00:04:22","1"
"Rock The Boat (Onderkoffer Remix) CK Intro - Clean","112","Afrobeats / Amapiano","8:17:58 PM CDT","8:22:55 PM CDT","00:04:57","2"
"Don't Stop Believin'","118","Rock","8:22:21 PM CDT","8:26:35 PM CDT","00:04:14","1"
"Bringin' On The Heartbreak","77","","8:24:26 PM CDT","8:30:48 PM CDT","00:06:22","2"
"Everybody Wants To Rule The World (Intro Clean)","112","Pop","8:26:35 PM CDT","8:32:30 PM CDT","00:05:55","1"
"DJ Got Us Fallin In Love (BPM Supreme Slam Edit) (Clean Extended)","120","Pop","8:30:48 PM CDT","8:35:12 PM CDT","00:04:24","2"
"Taste (Cosmic Dawn Extended Remix)","121","Dance","8:34:01 PM CDT","8:37:28 PM CDT","00:03:27","1"
"Big Poppa (Father and Son Edit) (Clean Extended)","122","Tech House","8:35:12 PM CDT","8:40:50 PM CDT","00:05:38","2"
"On My Mind (Clean Extended)","123","Tech House","8:37:28 PM CDT","8:41:38 PM CDT","00:04:10","1"
"Candy Shop (BORNZI Edit) (Clean Short Edit)","124","Bass House","8:40:50 PM CDT","8:43:08 PM CDT","00:02:18","2"
"Work (Jesus Fernandez Remix) (Clean Extended)","124","Tech House","8:41:38 PM CDT","8:46:03 PM CDT","00:04:25","1"
"Teenage Dream (Deville Club Mix) Clean","125","Pop/Dance","8:43:20 PM CDT","8:45:22 PM CDT","00:02:02","2"
"Krazy (BeatBreaker 'Calabria' Edit) (Dirty Extended)","125","House","8:45:22 PM CDT","8:48:47 PM CDT","00:03:25","2"
"Starships (Deville Jamming House Edit) Clean","126","Pop/Dance","8:46:03 PM CDT","8:52:02 PM CDT","00:05:59","1"
"Bad & Boujee (Rivas & Sell Out MC Remix) (Dirty Extended)","127","Tech House","8:49:34 PM CDT","8:53:08 PM CDT","00:03:34","2"
"Down (DJ Nasa PoolSide Edit) (Dirty Extended)","126","Pop","8:52:02 PM CDT","8:52:25 PM CDT","00:00:23","1"
"Rewind It Back","126","Tech House","8:52:25 PM CDT","8:54:44 PM CDT","00:02:19","1"
"Somebody's Watching Me (Club Killers 2023 Spooky Bootleg) Clean","126","Halloween/EDM","8:53:08 PM CDT","8:56:24 PM CDT","00:03:16","2"
"Crazy - Beatz Freq Get Down Edit","125","Bass House","8:54:44 PM CDT","9:00:05 PM CDT","00:05:21","1"
"I Love It vs Where You Are (Even Steve Wordplay Segue) Clean","126","Pop / Dance","8:56:24 PM CDT","9:02:31 PM CDT","00:06:07","2"
"Like A G6 (R-You Bootleg) (Clean Extended)","132","House","9:00:05 PM CDT","9:03:15 PM CDT","00:03:10","1"
"Like A G6 (Intro Clean)","125","Pop","9:02:31 PM CDT","9:05:04 PM CDT","00:02:33","2"
"Pour It Up (R-You Bootleg) (Clean Extended)","125","Dance Pop","9:03:15 PM CDT","9:06:45 PM CDT","00:03:30","1"
"Disturbia (JPTheDJ Hype Edit) (Dirty Extended)","125","Pop","9:05:04 PM CDT","9:07:55 PM CDT","00:02:51","2"
"Thong Song (Deville Poolside Mix) Dirty","125","Pop/House","9:06:45 PM CDT","9:10:02 PM CDT","00:03:17","1"
"São Paulo (Intro Dirty)","128","R&B","9:07:55 PM CDT","9:12:54 PM CDT","00:04:59","2"
"Shot Busters (Halloween Party Starter) (Dirty) (Extended)","128","House","9:10:02 PM CDT","","","1"
"We Found Love (Refresh Epic Intro) (Clean Extended)","128","Dance Pop","9:12:54 PM CDT","9:16:09 PM CDT","00:03:15","2"
"Low (Intro Dirty)","128","Hip Hop","9:15:44 PM CDT","9:17:31 PM CDT","00:01:47","1"
"Anaconda (DJ Nasa Remix) (Dirty Extended)","130","Hip Hop","9:16:09 PM CDT","9:19:39 PM CDT","00:03:30","2"
"Super Freaky Girl (Muzik Junkies Halloween Edit) (Dirty Extended)","133","Hip Hop","9:17:48 PM CDT","9:21:37 PM CDT","00:03:49","1"
"Stephanie (Extended Mix) Dirty","130","House","9:20:31 PM CDT","9:23:29 PM CDT","00:02:58","2"
"Get Busy (Cesar Castilla Disco House Edit) (Clean)","122","Nu Disco","9:21:37 PM CDT","9:27:28 PM CDT","00:05:51","1"
"Temperature (Intro Clean)","125","Dancehall","9:23:29 PM CDT","9:26:09 PM CDT","00:02:40","2"
"OMG (Intro Clean)","130","Dance Pop","9:26:09 PM CDT","9:29:39 PM CDT","00:03:30","2"
"NOKIA (Club Killers Party Booster) Dirty","128","Hip-Hop/Dance","9:27:28 PM CDT","9:31:34 PM CDT","00:04:06","1"
"Lose Control (Cesar Castilla Break Intro) (Dirty Extended)","125","Hip Hop","9:29:39 PM CDT","9:33:28 PM CDT","00:03:49","2"
"S&M (Remix) (DJ Nasa Remix) (Clean Extended)","128","Pop","9:31:53 PM CDT","9:36:55 PM CDT","00:05:02","1"
"No Hands (Intro Dirty)","132","Hip Hop","9:33:28 PM CDT","9:34:54 PM CDT","00:01:26","2"
"Memories (Dirty Extended)","130","Dance Pop","9:35:24 PM CDT","9:38:06 PM CDT","00:02:42","2"
"No Hands (Intro Dirty)","132","Hip Hop","9:36:55 PM CDT","9:41:21 PM CDT","00:04:26","1"
"Niggas In Paris (Intro Clean)","70","Top 40 / Hip Hop","9:40:15 PM CDT","9:43:32 PM CDT","00:03:17","2"
"Pony","71","R&B/Soul","9:41:31 PM CDT","9:44:59 PM CDT","00:03:28","1"
"Walk It Talk It (Intro Clean)","73","Hip Hop","9:43:32 PM CDT","9:46:12 PM CDT","00:02:40","2"
"Beez In The Trap (Intro Dirty)","75","Hip Hop","9:44:59 PM CDT","9:48:16 PM CDT","00:03:17","1"
"Whatever You Like (Intro Dirty)","75","Hip Hop","9:46:12 PM CDT","9:46:33 PM CDT","00:00:21","2"
"Rake It Up (Intro Dirty)","75","Hip Hop","9:46:33 PM CDT","9:50:06 PM CDT","00:03:33","2"
"Cyclone (Intro Dirty)","78","Hip Hop","9:48:16 PM CDT","9:51:09 PM CDT","00:02:53","1"
"Go DJ (Intro Dirty)","79","Hip Hop","9:50:06 PM CDT","9:55:08 PM CDT","00:05:02","2"
"Shawty (Intro Dirty)","79","Hip Hop","9:51:09 PM CDT","9:57:04 PM CDT","00:05:55","1"
"A Milli (Dirty) (Extended)","76","Hip Hop","9:55:08 PM CDT","9:59:38 PM CDT","00:04:30","2"
"Birthday Cake (Remix) (Intro Dirty)","80","Top 40","9:57:04 PM CDT","10:02:58 PM CDT","00:05:54","1"
"Dance (Ass) (Remix) (Intro Dirty)","80","Hip Hop","9:59:38 PM CDT","10:04:46 PM CDT","00:05:08","2"
"Wipe Me Down (Remix)","83","Hip-Hop/Rap","10:03:18 PM CDT","10:07:54 PM CDT","00:04:36","1"
"Savage (Remix) (Intro Dirty)","84","Hip Hop","10:04:46 PM CDT","10:08:39 PM CDT","00:03:53","2"
"Run This Town (Intro Dirty)","85","Hip Hop","10:07:54 PM CDT","10:10:53 PM CDT","00:02:59","1"
"Big Poppa (Muzik Junkies Break Intro) (Dirty Extended)","85","Hip Hop","10:08:39 PM CDT","10:13:08 PM CDT","00:04:29","2"
"Get Like Me (Intro Dirty)","88","Hip Hop","10:12:12 PM CDT","10:14:48 PM CDT","00:02:36","1"
"Drop It Low (Intro Dirty)","88","Hip Hop","10:13:08 PM CDT","10:16:37 PM CDT","00:03:29","2"
"In Da Club (BPM Supreme Slam Edit) (Dirty Extended)","90","Hip Hop","10:14:48 PM CDT","10:19:35 PM CDT","00:04:47","1"
"Drop It Like It's Hot (Cesar Castilla Epic Slam Intro) (Dirty Extended)","92","Hip Hop","10:16:37 PM CDT","10:21:41 PM CDT","00:05:04","2"
"California Love (Intro Dirty)","92","Hip Hop","10:19:35 PM CDT","10:22:37 PM CDT","00:03:02","1"
"Ms. Jackson","95","Hip-Hop/Rap","10:21:58 PM CDT","10:26:08 PM CDT","00:04:10","2"
"It Wasn't Me (Intro Clean)","95","Reggae","10:22:37 PM CDT","10:28:05 PM CDT","00:05:28","1"
"Ayy Ladies (Clean)","96","Hip Hop","10:26:08 PM CDT","10:29:33 PM CDT","00:03:25","2"
"Where The Party At","97","Other","10:28:05 PM CDT","10:30:52 PM CDT","00:02:47","1"
"ZEZE (Intro Dirty)","98","Hip Hop","10:29:33 PM CDT","10:32:32 PM CDT","00:02:59","2"
"Gas Pedal (Cesar Castilla Blend) (Clean Extended)","98","Hip Hop","10:30:52 PM CDT","10:33:56 PM CDT","00:03:04","1"
"Put Your Hands Where My Eyes Could See (Intro Dirty)","99","Hip Hop","10:32:32 PM CDT","10:36:00 PM CDT","00:03:28","2"
"Bring Em Out (Intro Dirty)","99","Hip Hop","10:33:56 PM CDT","10:38:43 PM CDT","00:04:47","1"
"Beat It (Intro Dirty)","99","Hip  Hop","10:36:00 PM CDT","10:40:13 PM CDT","00:04:13","2"
"I Just Wanna Love You (Intro Dirty)","99","Hip Hop","10:38:43 PM CDT","10:41:46 PM CDT","00:03:03","1"
"Me & You (Intro Clean)","100","R&B","10:40:13 PM CDT","10:43:55 PM CDT","00:03:42","2"
"Get Ur Freak On - Tall Boys Remix (Dirty)","100","Hip Hop","10:41:46 PM CDT","10:44:23 PM CDT","00:02:37","1"
"Not Like Us (Intro Dirty)","101","Hip Hop","10:43:55 PM CDT","10:45:33 PM CDT","00:01:38","2"
"Goodies Clean Edit","102","R&B","10:44:23 PM CDT","10:48:14 PM CDT","00:03:51","1"
"Ride Wit Me (Intro Dirty)","102","Hip Hop","10:45:33 PM CDT","10:48:58 PM CDT","00:03:25","2"
"Freek-A-Leek","105","Hip-Hop/Rap","10:48:14 PM CDT","10:49:51 PM CDT","00:01:37","1"
"Maui Wowie (DJ OD Epic Intro) Dirty","123","Hip Hop","10:48:58 PM CDT","10:50:49 PM CDT","00:01:51","2"
"Which One (Intro Dirty)","120","Hip Hop","10:49:51 PM CDT","10:52:28 PM CDT","00:02:37","1"
"Bitch Don't Kill My Vibe (Deville Poolside House Edit) Clean","126","House","10:50:49 PM CDT","10:54:30 PM CDT","00:03:41","2"
"In The Ayer (Intro Clean)","126","R&B","10:52:28 PM CDT","10:56:01 PM CDT","00:03:33","1"
"Promiscuous (Tiger Toast Remix) Clean CK Cut","126","Pop Dance Remix","10:54:30 PM CDT","10:56:39 PM CDT","00:02:09","2"
"My Chick Bad (Explicit)","85","","10:56:01 PM CDT","11:31:46 AM CST","181:35:45","1"
"What Them Girls Like (Intro Dirty)","85","Hip Hop","10:56:39 PM CDT","7:30:09 PM CST","333:33:30","2"
"Let's Get It Started (Intro Clean)","105","Pop","11:31:46 AM CST","7:30:09 PM CST","151:58:23","offline"
"What Them Girls Like (Intro Dirty)","85","Hip Hop","7:30:09 PM CST","7:38:25 PM CST","00:08:16","2"
"Run This Town (Intro Clean)","85","Hip Hop","7:39:27 PM CST","7:49:07 PM CST","00:09:40","2"
"Billionaire (Intro Clean)","87","Pop / Top 40","7:39:34 PM CST","7:52:50 PM CST","00:13:16","1"
"It Wasn't Me (feat. Ricardo Ducent)","95","Pop","7:51:34 PM CST","7:55:53 PM CST","00:04:19","2"
"24K Magic (Intro Clean)","107","Pop","7:52:50 PM CST","7:58:25 PM CST","00:05:35","1"
"A Bar Song (JD Live Lounge Edit) Dirty","100","Country","7:55:53 PM CST","8:00:01 PM CST","00:04:08","2"
"Run It (Remix) (Intro Outro) (Clean)","101","R&B","7:58:25 PM CST","8:03:17 PM CST","00:04:52","1"
"Dangerous (Intro Dirty)","117","Hip Hop","8:00:01 PM CST","8:01:34 PM CST","00:01:33","2"
"Dangerous (Intro Dirty)","117","Hip Hop","8:01:57 PM CST","8:05:53 PM CST","00:03:56","2"
"Cake By The Ocean (Intro Clean)","119","Top 40","8:04:38 PM CST","8:07:45 PM CST","00:03:07","1"
"TiK ToK","120","Pop","8:06:09 PM CST","8:09:42 PM CST","00:03:33","2"
"Return Of The Mack (Duke Jones Remix)","124","Dance","8:07:45 PM CST","8:13:38 PM CST","00:05:53","1"
"My Humps (Refresh Epic Intro) (Clean Extended)","124","Hip Hop","8:09:42 PM CST","8:13:12 PM CST","00:03:30","2"
"DJ Got Us Fallin In Love (XMiX Short Cut)","120","Urban","8:13:12 PM CST","8:14:14 PM CST","00:01:02","2"
"DJ Got Us Fallin In Love (BPM Supreme Slam Edit) (Clean Extended)","120","Pop","8:13:38 PM CST","8:17:15 PM CST","00:03:37","1"
"Don't Cha (Remix) (Intro Clean)","120","R&B","8:14:14 PM CST","8:20:37 PM CST","00:06:23","2"
"One, Two Step (feat. Missy Elliott)","113","R&B/Soul","8:18:49 PM CST","8:23:24 PM CST","00:04:35","1"
"CANDY clean","111","Dance","8:22:09 PM CST","8:24:18 PM CST","00:02:09","2"
"Hollaback Girl (DJ Nasa Epic Intro) (Dirty Extended)","110","Pop","8:23:24 PM CST","8:27:17 PM CST","00:03:53","1"
"Sunflower (Cesar Castilla Blend) (Clean Extended)","105","Afrobeat","8:25:22 PM CST","8:30:44 PM CST","00:05:22","2"
"Finesse (Cesar Castilla Acapella Intro) (Dirty Extended)","105","Pop","8:27:17 PM CST","8:32:13 PM CST","00:04:56","1"
"Espresso (Ardent 'Black Coffee' Intro) Dirty","104","Pop / Top 40","8:30:44 PM CST","8:34:38 PM CST","00:03:54","2"
"House Party (Intro Clean)","104","Country","8:32:13 PM CST","8:37:10 PM CST","00:04:57","1"
"This Is How We Do It (Intro Clean)","104","Hip Hop","8:34:38 PM CST","8:39:32 PM CST","00:04:54","2"
"Life Is A Highway (Intro Clean)","103","Pop","8:37:37 PM CST","8:43:16 PM CST","00:05:39","1"
"Levitating (Intro Dirty)","103","Pop","8:40:41 PM CST","8:46:38 PM CST","00:05:57","2"
"Let Me Clear My Throat","102","Dance","8:43:16 PM CST","8:49:37 PM CST","00:06:21","1"
"Ride Wit Me (Intro Dirty)","102","Hip Hop","8:46:38 PM CST","8:52:47 PM CST","00:06:09","2"
"Save A Horse (Ride A Cowboy) (Intro Clean)","102","Country","8:49:37 PM CST","8:55:16 PM CST","00:05:39","1"
"Smokin' Out The Window (CLEAN)(ULTI-reMIX by Beat Thrillerz)","100","Funkymix","8:52:47 PM CST","8:58:08 PM CST","00:05:21","2"
"Talk Dirty (Intro Dirty)","100","Pop","8:55:16 PM CST","9:00:34 PM CST","00:05:18","1"
"Doo Wop (That Thing)","100","R&B/Soul","8:58:08 PM CST","9:02:53 PM CST","00:04:45","2"
"Paint The Town Red (Intro Clean)","100","Hip Hop","9:00:35 PM CST","9:05:46 PM CST","00:05:11","1"
"Blow The Whistle (Intro Outro) (Clean)","100","Hip Hop","9:02:53 PM CST","9:07:43 PM CST","00:04:50","2"
"Get Ur Freak On (Phranco Remix) (Clean Extended)","100","Twerk","9:05:46 PM CST","9:09:02 PM CST","00:03:16","1"
"Beat It (Intro Dirty)","99","Hip  Hop","9:08:25 PM CST","9:10:32 PM CST","00:02:07","2"
"Bring Em Out (Intro Clean)","99","Hip Hop","9:09:02 PM CST","9:12:53 PM CST","00:03:51","1"
"Loyal (feat. Lil Wayne & Tyga)","99","R&B/Soul","9:10:32 PM CST","9:15:17 PM CST","00:04:45","2"
"American Boy (Intro Dirty)","118","Top 40","9:13:59 PM CST","9:18:16 PM CST","00:04:17","1"
"Thriller (Intro Clean)","118","Pop","9:15:17 PM CST","9:22:50 PM CST","00:07:33","2"
"Blurred Lines (Intro Dirty)","120","Pop","9:21:09 PM CST","9:27:03 PM CST","00:05:54","1"
"Livin' On a Prayer","122","Hard Rock","9:23:04 PM CST","9:30:06 PM CST","00:07:02","2"
"Walkin' On The Sun (Intro Dirty)","123","Pop","9:27:03 PM CST","9:33:05 PM CST","00:06:02","1"
"On My Mind (Clean Extended)","123","Tech House","9:30:06 PM CST","9:38:22 PM CST","00:08:16","2"
"Don't Stop The Music (Intro Clean)","123","Pop","9:33:05 PM CST","9:37:17 PM CST","00:04:12","1"
"Disturbia (Intro Clean)","125","Pop","9:37:17 PM CST","9:41:35 PM CST","00:04:18","1"
"Starships (Deville Jamming House Edit) Clean","126","Pop/Dance","9:38:22 PM CST","9:44:44 PM CST","00:06:22","2"
"Get It Shawty (Intro Clean)","128","R&B","9:41:35 PM CST","9:47:44 PM CST","00:06:09","1"
"Good Graces (Intro Dirty)","126","Pop","9:44:44 PM CST","9:50:16 PM CST","00:05:32","2"
"Glamorous (Intro Dirty)","131","Pop","9:47:44 PM CST","9:53:49 PM CST","00:06:05","1"
"Fireworks (Dj Mila Bootleg) Clean","128","Bass House","9:50:46 PM CST","9:58:22 PM CST","00:07:36","2"
"Clarity (Original)","128","House","9:55:03 PM CST","10:01:14 PM CST","00:06:11","1"
"Work (R-You Slam Edit) (Clean Extended)","128","Tech House","9:58:22 PM CST","10:02:55 PM CST","00:04:33","2"
"Mr. Brightside (JD Live 2025 Edit) Clean","126","Dance","10:02:15 PM CST","10:06:18 PM CST","00:04:03","1"
"Dynamite (Intro Clean)","120","Pop","10:02:55 PM CST","10:11:01 PM CST","00:08:06","2"
"Shots (JD Live Low Battery Edit) Dirty","130","Bass House","10:06:18 PM CST","10:12:28 PM CST","00:06:10","1"
"Taste (Cosmic Dawn Extended Remix)","121","Dance","10:11:01 PM CST","10:14:50 PM CST","00:03:49","2"
"Mutt (Bustin Timberfake Nu Disco Banger) Dirty","120","Nu Disco","10:14:09 PM CST","10:18:16 PM CST","00:04:07","1"
"Sugar (Intro Dirty)","120","Pop","10:14:50 PM CST","10:19:50 PM CST","00:05:00","2"
"Mystical Magical (Intro Clean)","120","Pop","10:18:30 PM CST","10:21:45 PM CST","00:03:15","1"
"So What (Intro Dirty)","120","Hip Hop","10:19:50 PM CST","10:24:33 PM CST","00:04:43","2"
"Say It Right (Intro Clean)","117","Top 40","10:22:05 PM CST","10:26:35 PM CST","00:04:30","1"
"Promiscuous (Refresh Epic Intro) (Clean Extended)","114","Pop","10:24:33 PM CST","10:31:04 PM CST","00:06:31","2"
"Poison (Intro Dirty)","112","R&B","10:26:35 PM CST","10:33:18 PM CST","00:06:43","1"
"Rock The Boat (Onderkoffer Remix) CK Intro - Clean","112","Afrobeats / Amapiano","10:31:19 PM CST","10:34:45 PM CST","00:03:26","2"
"Pass That Dutch (Intro Dirty)","111","Hip Hop","10:33:18 PM CST","10:35:48 PM CST","00:02:30","1"
"Give It To Me (Refresh Epic Intro) (Dirty Extended)","111","Pop","10:34:45 PM CST","10:38:04 PM CST","00:03:19","2"
"Caught Up","110","R&B/Soul","10:35:48 PM CST","10:39:00 PM CST","00:03:12","1"
"About Damn Time (Intro Dirty)","109","Pop","10:38:04 PM CST","10:40:39 PM CST","00:02:35","2"
"Hot In Herre (Intro Dirty)","107","Hip Hop","10:39:00 PM CST","10:42:17 PM CST","00:03:17","1"
"The Humpty Dance (Intro Clean)","104","Hip Hop","10:40:39 PM CST","10:43:56 PM CST","00:03:17","2"
"Work It (Refresh Epic Intro) (Dirty Extended)","102","Hip Hop","10:42:43 PM CST","10:44:52 PM CST","00:02:09","1"
"Goodies","102","R&B","10:43:56 PM CST","10:47:02 PM CST","00:03:06","2"
"Freek-A-Leek","105","Hip-Hop/Rap","10:44:52 PM CST","10:48:16 PM CST","00:03:24","1"
"I Wanna Love You (Intro Dirty)","100","Hip Hop","10:47:17 PM CST","10:50:33 PM CST","00:03:16","2"
"The Motto (Intro Dirty)","101","Hip Hop","10:48:22 PM CST","10:54:25 PM CST","00:06:03","1"
"Yeah! (feat. Lil Jon & Ludacris)","105","Hip Hop","10:50:33 PM CST","10:55:10 PM CST","00:04:37","2"
"Roof On Fire (Cesar Castilla Acapella Intro) (Clean Extended)","118","Pop","10:54:25 PM CST","10:56:32 PM CST","00:02:07","1"
"JUMPIN (Intro Dirty)","118","Latin Pop","10:55:10 PM CST","10:57:40 PM CST","00:02:30","2"
"Pretty Boy Swag (Intro Dirty)","124","Hip Hop","10:56:32 PM CST","10:59:16 PM CST","00:02:44","1"
"Cha Cha Slide (Intro Clean)","122","Dance","10:57:40 PM CST","11:02:49 PM CST","00:05:09","2"
"Big Poppa (Father and Son Edit) (Clean Extended)","122","Tech House","10:59:16 PM CST","11:04:13 PM CST","00:04:57","1"
"Scream & Shout (Intro Dirty)","130","Pop","11:02:56 PM CST","11:06:20 PM CST","00:03:24","2"
"Pour It Up (R-You Bootleg) (Clean Extended)","125","Dance Pop","11:04:13 PM CST","11:08:23 PM CST","00:04:10","1"
"Club Husband (Sergio Villanueva Remix) (Dirty Extended)","125","Dance Pop","11:06:20 PM CST","11:09:37 PM CST","00:03:17","2"
"Crazy - Beatz Freq Get Down Edit","125","Bass House","11:08:23 PM CST","11:11:27 PM CST","00:03:04","1"
"Get Busy (Cesar Castilla Disco House Edit) (Clean)","122","Nu Disco","11:09:37 PM CST","11:14:59 PM CST","00:05:22","2"
"Temperature (Intro Clean)","125","Dancehall","11:11:27 PM CST","11:14:11 PM CST","00:02:44","1"
"NOKIA (Club Killers Party Booster) Dirty","128","Hip-Hop/Dance","11:14:11 PM CST","11:16:27 PM CST","00:02:16","1"
"Lose Control (Cesar Castilla Break Intro) (Dirty Extended)","125","Hip Hop","11:14:59 PM CST","11:18:02 PM CST","00:03:03","2"
"Low (Intro Dirty)","128","Hip Hop","11:16:27 PM CST","11:20:29 PM CST","00:04:02","1"
"Fergalicious (Intro Dirty)","129","Pop","11:18:02 PM CST","11:23:37 PM CST","00:05:35","2"
"Baby (Intro Clean)","130","Pop","11:20:29 PM CST","11:26:47 PM CST","00:06:18","1"
"Yeah 3x (Explicit)","130","","11:23:49 PM CST","11:30:21 PM CST","00:06:32","2"
"Hotel Room Service","126","","11:26:47 PM CST","11:33:05 PM CST","00:06:18","1"
"Like A G6 (Intro Clean)","125","Pop","11:30:21 PM CST","11:35:30 PM CST","00:05:09","2"
"OMG (Intro Clean)","130","Dance Pop","11:33:05 PM CST","11:39:47 PM CST","00:06:42","1"
"Shots (Intro Dirty)","128","Pop","11:35:30 PM CST","11:42:48 PM CST","00:07:18","2"
"I Love It vs Where You Are (Even Steve Wordplay Segue) Dirty","126","Pop / Dance","11:39:47 PM CST","11:45:01 PM CST","00:05:14","1"
"Down (DJ Nasa PoolSide Edit) (Dirty Extended)","126","Pop","11:44:06 PM CST","11:46:38 PM CST","00:02:32","2"
"Bitch Don't Kill My Vibe (Deville Poolside House Edit) Clean","126","House","11:45:01 PM CST","11:48:23 PM CST","00:03:22","1"
"Satisfaction (Villanueva vs Guetta Remix) (Clean Extended)","126","Tech House","11:46:38 PM CST","11:49:02 PM CST","00:02:24","2"
"Pour It Up (DJ Nasa VIP Edit) (Clean Extended)","125","Tech House","11:48:23 PM CST","11:52:05 PM CST","00:03:42","1"
"Thong Song (Deville Poolside Mix) Dirty","125","Pop/House","11:49:02 PM CST","11:53:16 PM CST","00:04:14","2"
"Massive (KREAM Remix) (Clean Extended)","125","House","11:52:05 PM CST","11:55:12 PM CST","00:03:07","1"
"São Paulo (Intro Dirty)","125","R&B","11:53:32 PM CST","11:56:53 PM CST","00:03:21","2"
"Somebody That I Used To Know (Tiger Toast Remix) Clean","130","House","11:55:58 PM CST","12:00:08 AM CST","00:04:10","1"
"Anxiety (DJ Nasa Remix) (Dirty Extended)","129","Pop","11:56:53 PM CST","11:59:48 PM CST","00:02:55","2"
"Baby Got Back (Intro Dirty)","128","Hip Hop","11:59:48 PM CST","12:01:25 AM CST","00:01:37","2"
"Anaconda (Intro Dirty)","130","Hip Hop","12:00:08 AM CST","12:03:32 AM CST","00:03:24","1"
"Super Freak (Cesar Castilla Guitar Intro) (Clean Extended)","131","Funk","12:01:25 AM CST","12:04:38 AM CST","00:03:13","2"
"Super Freaky Girl (Intro Dirty)","133","Hip Hop","12:03:32 AM CST","12:08:55 AM CST","00:05:23","1"
"No Hands (Intro Dirty)","132","Hip Hop","12:04:38 AM CST","12:10:38 AM CST","00:06:00","2"
"Fuego (Explicit)","135","","12:09:42 AM CST","12:13:11 AM CST","00:03:29","1"
"Memories (Refresh Personal Edit) (Dirty Extended)","130","Dance Pop","12:10:40 AM CST","12:15:25 AM CST","00:04:45","2"
"Pursuit Of Happiness (Steve Aoki Remix) (Dirty Extended)","128","Electro House","12:13:11 AM CST","12:18:08 AM CST","00:04:57","1"
"My Humps","124","Hip-Hop/Rap","12:17:12 AM CST","12:20:01 AM CST","00:02:49","2"
"Work (Jesus Fernandez Remix) (Clean Extended)","124","Tech House","12:18:08 AM CST","12:22:08 AM CST","00:04:00","1"
"1, 2 Step","125","Bass House","12:20:01 AM CST","12:24:39 AM CST","00:04:38","2"
"Sexy And I Know It (Alvin Anthony Remix) (Dirty Extended)","124","Tech House","12:22:08 AM CST","12:26:47 AM CST","00:04:39","1"
"Messy (R-You Blend) (Dirty Extended)","122","Pop","12:24:39 AM CST","12:25:18 AM CST","00:00:39","2"
"Messy (BVRNOUT Remix) Dirty","130","Pop Dance Remix","12:25:18 AM CST","12:29:56 AM CST","00:04:38","2"
"Savage - Major Lazer Remix","125","Deep House","12:27:53 AM CST","12:32:12 AM CST","00:04:19","1"
"Stephanie (Extended Mix) Dirty","130","House","12:30:48 AM CST","12:34:56 AM CST","00:04:08","2"
"Hotline Bling (Feli Botello Remix)","123","Dance","12:32:12 AM CST","12:37:03 AM CST","00:04:51","1"
"Teenage Dream (Deville Club Mix) Clean","125","Pop/Dance","12:34:56 AM CST","12:38:23 AM CST","00:03:27","2"
"Krazy (BeatBreaker 'Calabria' Edit) (Dirty Extended)","125","House","12:37:03 AM CST","12:40:20 AM CST","00:03:17","1"
"Bodak Yellow (Los Dutis House Remix) (Dirty Extended)","125","House","12:38:41 AM CST","12:43:28 AM CST","00:04:47","2"
"Work (Remix) (Smassh Mainstage Edit) Dirty","126","Hip Hop/Mainstage","12:40:52 AM CST","12:45:32 AM CST","00:04:40","1"
"Get Low with the Beats of the Underground (Los Padres Mashup) (Dirty Extended)","126","Bass House","12:43:28 AM CST","12:49:33 AM CST","00:06:05","2"
"Victory Lap (Intro Dirty)","70","Hip Hop","12:45:32 AM CST","12:50:35 AM CST","00:05:03","1"
"Pony","71","R&B/Soul","12:49:33 AM CST","12:54:16 AM CST","00:04:43","2"
"Beez In The Trap (Intro Dirty)","75","Hip Hop","12:50:35 AM CST","12:55:20 AM CST","00:04:45","1"
"Kiss Me Thru The Phone (Intro Clean)","75","Hip Hop","12:54:16 AM CST","12:56:59 AM CST","00:02:43","2"
"Cyclone (Intro Dirty)","78","Hip Hop","12:55:20 AM CST","12:58:10 AM CST","00:02:50","1"
"Mrs Officer (Intro Dirty)","84","Top 40","12:56:59 AM CST","12:58:44 AM CST","00:01:45","2"
"It's Goin' Down (Refresh Epic Intro) (Dirty Extended)","84","Hip Hop","12:58:10 AM CST","5:31:39 PM CST","16:33:29","1"
"Teach Me How To Dougie (Intro Dirty)","85","Top 40","12:58:44 AM CST","9:57:05 PM CST","524:58:21","2"
"Candy Shop (BORNZI Edit) (Clean Short Edit)","124","Bass House","5:31:39 PM CST","5:32:41 PM CST","00:01:02","offline"
"Somebody's Watching Me (Club Killers 2023 Spooky Bootleg) Clean","126","Halloween/EDM","5:32:41 PM CST","5:33:54 PM CST","00:01:13","offline"
"Party (Cesar Castilla Jump Off Edit) (Clean)","130","Tech House","5:33:54 PM CST","5:35:38 PM CST","00:01:44","offline"
"Metro Spider (Intro Dirty)","72","Hip Hop","5:35:38 PM CST","5:35:42 PM CST","00:00:04","offline"
"Duffle Bag Boy (Intro Dirty)","72","Hip Hop","5:35:42 PM CST","5:37:57 PM CST","00:02:15","offline"
"Scratch Beat 4","85","Hip Hop/Rap","5:37:57 PM CST","9:57:05 PM CST","508:19:08","offline"
